Word,Co-occurring Word 1,Co-occurring Word 2,Total ff_purchases
travel,housing,nurse,870.07
travel,nurse,housing,870.07
travel,furnished,housing,258.27
travel,nurses,traveling,535.57
travel,for,nurses,217.64
nurse,travel,housing,562.98
nurse,traveling,nurses,535.57
nurse,furnished,housing,258.27
nurse,rental,traveling,94.6
housing,traveling,nurses,535.57
housing,nurses,traveling,535.57
traveling,housing,nurse,870.07
traveling,nurse,housing,870.07
traveling,to,nurses,165.82
traveling,for,nurses,217.64
furnished,housing,nurse,870.07
furnished,nurse,housing,870.07
furnished,travel,housing,562.98
nurses,housing,nurse,870.07
nurses,travel,housing,562.98
rent,to,nurses,165.82
rent,nurses,traveling,535.57
rent,traveling,nurses,535.57
rent,for,nurses,217.64
rent,rooms,nurses,37.34
to,nurses,traveling,535.57
to,traveling,nurses,535.57
rentals,furnished,housing,258.27
rentals,nurses,traveling,535.57
rentals,traveling,nurses,535.57
rentals,short,term,86.8
finder,nurse,housing,870.07
finder,housing,nurse,870.07
finder,furnished,housing,258.27
finder,travel,housing,562.98
rental,traveling,nurses,535.57
rental,nurse,housing,870.07
rental,nurses,traveling,535.57
rental,travel,housing,562.98
rental,housing,nurse,870.07
renting,to,nurses,165.82
renting,traveling,nurses,535.57
renting,nurses,traveling,535.57
renting,how,to,80.43
renting,much,how,5.63
nursing,housing,nurse,870.07
nursing,travel,housing,562.98
nursing,rentals,furnished,108.6
nursing,finder,nurse,61.49
nursing,traveling,nurses,535.57
travelling,housing,nurse,870.07
travelling,nurses,traveling,535.57
travelling,nurse,housing,870.07
travelling,rentals,furnished,108.6
travelling,for,nurses,217.64
for,nurses,traveling,535.57
for,traveling,nurses,535.57
for,housing,nurse,870.07
for,rent,to,146.32
for,rentals,furnished,108.6
site,rental,traveling,94.6
site,traveling,nurses,535.57
site,nurse,housing,870.07
site,for,nurses,217.64
site,nurses,traveling,535.57
nursefinders,housing,nurse,870.07
nursefinders,rentals,furnished,108.6
nursefinders,travel,housing,562.98
nursefinders,nursing,housing,45.58
how,to,nurses,165.82
how,nurses,traveling,535.57
how,traveling,nurses,535.57
how,rent,to,146.32
how,housing,nurse,870.07
websites,housing,nurse,870.07
websites,nurse,housing,870.07
websites,traveling,nurses,535.57
websites,travel,housing,562.98
websites,nursing,housing,45.58
website,housing,nurse,870.07
website,traveling,nurses,535.57
website,nurse,housing,870.07
website,nurses,traveling,535.57
website,travel,housing,562.98
short,term,rentals,105.77
short,rentals,furnished,108.6
short,furnished,housing,258.27
short,for,nurses,217.64
short,nurses,traveling,535.57
term,rentals,furnished,108.6
term,furnished,housing,258.27
term,for,nurses,217.64
mid,term,rentals,105.77
mid,rentals,furnished,108.6
mid,rental,traveling,94.6
mid,for,nurses,217.64
mid,nurses,traveling,535.57
visiting,nurses,traveling,535.57
visiting,housing,nurse,870.07
visiting,nurse,housing,870.07
visiting,for,nurses,217.64
visiting,rentals,furnished,108.6
program,traveling,nurses,535.57
program,nurses,traveling,535.57
program,rental,traveling,94.6
program,housing,nurse,870.07
program,nurse,housing,870.07
fully,furnished,housing,258.27
fully,rentals,furnished,108.6
fully,rent,to,146.32
fully,apartments,furnished,70.54
fully,com,furnished,6.0
finds,furnished,housing,258.27
midterm,rentals,furnished,108.6
midterm,rental,traveling,94.6
midterm,near,me,20.37
midterm,me,near,20.37
rooms,nurses,traveling,535.57
rooms,for,nurses,217.64
rooms,rent,to,146.32
rooms,traveling,nurses,535.57
rooms,to,nurses,165.82
professionals,traveling,nurses,535.57
professionals,for,nurses,217.64
professionals,to,nurses,165.82
professionals,rentals,furnished,108.6
corporate,housing,nurse,870.07
corporate,my,rent,11.7
corporate,to,nurses,165.82
corporate,for,nurses,217.64
corporate,house,rent,22.85
san,housing,nurse,870.07
san,traveling,nurses,535.57
san,nurses,traveling,535.57
san,nurse,housing,870.07
diego,housing,nurse,870.07
diego,traveling,nurses,535.57
diego,nurses,traveling,535.57
diego,nurse,housing,870.07
long,term,rentals,105.77
long,rentals,furnished,108.6
long,furnished,housing,258.27
long,rental,traveling,94.6
long,beach,term,3.0
is,travel,housing,562.98
is,nurse,housing,870.07
is,housing,nurse,870.07
is,what,do,3.0
legit,is,travel,9.0
legit,travel,housing,562.98
legit,nurse,housing,870.07
legit,housing,nurse,870.07
homes,for,nurses,217.64
homes,furnished,housing,258.27
homes,rent,to,146.32
homes,nurse,housing,870.07
homes,rental,traveling,94.6
much,how,to,80.43
much,to,nurses,165.82
much,traveling,nurses,535.57
much,nurses,traveling,535.57
much,can,how,5.39
can,how,to,80.43
can,much,how,5.63
can,you,how,5.39
can,make,how,6.39
can,renting,to,39.69
you,how,to,80.43
you,much,how,5.63
you,can,how,5.39
you,make,how,6.39
you,renting,to,39.69
make,how,to,80.43
make,to,nurses,165.82
make,much,how,5.63
make,can,how,5.39
make,you,how,5.39
sites,nurse,housing,870.07
sites,housing,nurse,870.07
sites,travel,housing,562.98
sites,rental,traveling,94.6
house,rent,to,146.32
house,to,nurses,165.82
house,traveling,nurses,535.57
house,for,nurses,217.64
house,nurses,traveling,535.57
furnish,finder,nurse,61.49
furnish,com,furnished,6.0
furnish,find,housing,13.91
furnish,finding,furnished,5.0
room,rent,to,146.32
room,nurse,housing,870.07
room,traveling,nurses,535.57
room,for,nurses,217.64
best,sites,nurse,20.25
best,travel,housing,562.98
best,nurse,housing,870.07
best,housing,nurse,870.07
best,rental,traveling,94.6
finding,furnished,housing,258.27
finding,furnish,finders,7.96
airbnb,nurses,traveling,535.57
airbnb,nurse,housing,870.07
airbnb,traveling,nurses,535.57
airbnb,travel,housing,562.98
airbnb,for,nurses,217.64
and,traveling,nurses,535.57
and,nurses,traveling,535.57
and,housing,nurse,870.07
and,for,nurses,217.64
and,doctors,housing,5.98
doctors,housing,nurse,870.07
doctors,for,nurses,217.64
doctors,traveling,nurses,535.57
doctors,nurses,traveling,535.57
doctors,and,traveling,8.66
finders,com,furnished,6.0
finders,furnished,housing,258.27
finders,nurse,housing,870.07
finders,rentals,furnished,108.6
com,furnished,housing,258.27
com,furnish,finders,7.96
com,finders,furnish,7.96
com,nurse,housing,870.07
where,housing,nurse,870.07
where,list,for,14.66
where,for,nurses,217.64
where,property,for,8.66
where,find,housing,13.91
i,where,housing,10.21
i,can,how,5.39
i,list,for,14.66
i,my,rent,11.7
i,property,for,8.66
list,for,nurses,217.64
list,my,rent,11.7
list,property,for,8.66
list,where,housing,10.21
list,to,nurses,165.82
my,rent,to,146.32
my,corporate,housing,37.04
my,for,nurses,217.64
my,to,nurses,165.82
my,house,rent,22.85
property,for,nurses,217.64
property,list,for,14.66
property,my,rent,11.7
property,where,housing,10.21
property,to,nurses,165.82
corporation,housing,nurse,870.07
gypsy,nurse,housing,870.07
gypsy,housing,nurse,870.07
gypsy,travel,housing,562.98
lodging,nurse,housing,870.07
lodging,traveling,nurses,535.57
lodging,travel,housing,562.98
lodging,nurses,traveling,535.57
lodging,sites,nurse,20.25
apartments,furnished,housing,258.27
apartments,for,nurses,217.64
apartments,traveling,nurses,535.57
apartments,near,me,20.37
apartments,me,near,20.37
los,furnished,housing,258.27
los,apartments,furnished,70.54
los,rentals,furnished,108.6
los,short,term,86.8
angeles,furnished,housing,258.27
angeles,apartments,furnished,70.54
angeles,rentals,furnished,108.6
angeles,short,term,86.8
near,furnished,housing,258.27
near,rentals,furnished,108.6
near,for,nurses,217.64
near,apartments,furnished,70.54
me,furnished,housing,258.27
me,rentals,furnished,108.6
me,for,nurses,217.64
me,apartments,furnished,70.54
apartment,finder,nurse,61.49
apartment,nurse,housing,870.07
apartment,furnished,housing,258.27
apartment,traveling,nurses,535.57
apartment,rentals,furnished,108.6
florida,housing,nurse,870.07
florida,travel,housing,562.98
florida,nurse,housing,870.07
florida,furnished,housing,258.27
florida,rentals,furnished,108.6
home,finder,nurse,61.49
home,furnished,housing,258.27
home,rentals,furnished,108.6
home,nurse,housing,870.07
home,traveling,nurses,535.57
a,room,rent,34.17
a,rent,to,146.32
a,nurse,housing,870.07
a,to,nurses,165.82
a,traveling,nurses,535.57
other,rent,to,146.32
other,to,nurses,165.82
other,travel,housing,562.98
other,nurses,traveling,535.57
other,and,traveling,8.66
hosting,travel,housing,562.98
hosting,nurse,housing,870.07
hosting,nurses,traveling,535.57
hosting,traveling,nurses,535.57
properties,travel,housing,562.98
properties,nurse,housing,870.07
properties,rental,traveling,94.6
needing,traveling,nurses,535.57
needing,nurses,traveling,535.57
needing,housing,nurse,870.07
california,housing,nurse,870.07
california,traveling,nurses,535.57
california,nurses,traveling,535.57
california,nurse,housing,870.07
california,for,nurses,217.64
medical,professionals,traveling,18.8
medical,housing,nurse,870.07
medical,for,nurses,217.64
medical,traveling,nurses,535.57
medical,to,nurses,165.82
rochester,furnished,housing,258.27
rochester,apartments,furnished,70.54
rochester,ny,furnished,3.0
ny,furnished,housing,258.27
ny,apartments,furnished,70.54
ny,rochester,furnished,3.0
what,do,nurses,11.65
what,traveling,nurses,535.57
what,nurses,traveling,535.57
what,pay,do,3.24
what,for,nurses,217.64
do,nurses,traveling,535.57
do,traveling,nurses,535.57
do,housing,nurse,870.07
do,how,to,80.43
do,rent,to,146.32
pay,do,nurses,11.65
pay,traveling,nurses,535.57
pay,nurses,traveling,535.57
pay,rent,to,146.32
pay,what,do,3.0
allowance,travel,housing,562.98
allowance,nurse,housing,870.07
allowance,housing,nurse,870.07
find,housing,nurse,870.07
find,travel,housing,562.98
find,furnished,housing,258.27
find,nurses,traveling,535.57
find,how,to,80.43
accommodations,travel,housing,562.98
accommodations,traveling,nurses,535.57
accommodations,nurses,traveling,535.57
accommodations,nurse,housing,870.07
accommodations,for,nurses,217.64
agencies,travel,housing,562.98
agencies,nurse,housing,870.07
agencies,that,travel,2.0
agencies,provide,housing,3.0
agencies,housing,nurse,870.07
professional,housing,nurse,870.07
professional,traveling,nurses,535.57
professional,travel,housing,562.98
agency,nurse,housing,870.07
agency,housing,nurse,870.07
agency,traveling,nurses,535.57
agency,travel,housing,562.98
agency,nurses,traveling,535.57
travelnursehousing,com,furnished,6.0
reviews,travelnursehousing,com,4.23
reviews,com,furnished,6.0
reviews,travel,housing,562.98
reviews,nurse,housing,870.07
reviews,housing,nurse,870.07
finish,finder,nurse,61.49
that,travel,housing,562.98
that,nurse,housing,870.07
that,agencies,travel,5.0
that,provide,housing,3.0
that,housing,nurse,870.07
provide,housing,nurse,870.07
provide,travel,housing,562.98
provide,nurse,housing,870.07
provide,agencies,travel,5.0
provide,that,travel,2.0
looking,for,nurses,217.64
looking,nurses,traveling,535.57
looking,housing,nurse,870.07
looking,traveling,nurses,535.57
looking,travel,housing,562.98
seattle,housing,nurse,870.07
seattle,traveling,nurses,535.57
seattle,nurse,housing,870.07
seattle,travel,housing,562.98
seattle,nurses,traveling,535.57
atlanta,furnished,housing,258.27
atlanta,apartments,furnished,70.54
atlanta,ga,furnished,2.0
atlanta,traveling,nurses,535.57
atlanta,nurse,housing,870.07
ga,furnished,housing,258.27
ga,apartments,furnished,70.54
ga,atlanta,furnished,3.0
app,nurse,housing,870.07
app,housing,nurse,870.07
app,traveling,nurses,535.57
app,travel,housing,562.98
app,rental,traveling,94.6
your,to,nurses,165.82
your,how,to,80.43
your,nurses,traveling,535.57
your,rent,to,146.32
your,house,rent,22.85
knoxville,furnished,housing,258.27
knoxville,apartments,furnished,70.54
knoxville,tn,furnished,4.0
tn,furnished,housing,258.27
tn,rentals,furnished,108.6
tn,apartments,furnished,70.54
tn,knoxville,furnished,2.0
tn,monthly,rentals,7.0
temporary,housing,nurse,870.07
temporary,for,nurses,217.64
temporary,nurses,traveling,535.57
temporary,travel,housing,562.98
temporary,nursing,housing,45.58
tenants,how,to,80.43
tenants,to,nurses,165.82
tenants,find,housing,13.91
tenants,corporate,housing,37.04
maryland,corporate,housing,37.04
maryland,housing,nurse,870.07
in,rentals,furnished,108.6
in,furnished,housing,258.27
in,short,term,86.8
in,term,rentals,105.77
in,florida,housing,6.0
south,furnished,housing,258.27
south,apartments,furnished,70.54
south,carolina,furnished,2.0
carolina,furnished,housing,258.27
carolina,apartments,furnished,70.54
carolina,south,furnished,2.0
antonio,furnished,housing,258.27
antonio,apartments,furnished,70.54
antonio,san,diego,11.85
antonio,fully,furnished,35.8
denver,travel,housing,562.98
denver,nurse,housing,870.07
denver,housing,nurse,870.07
denver,furnished,housing,258.27
denver,apartments,furnished,70.54
chicago,furnished,housing,258.27
chicago,apartments,furnished,70.54
furnishfinder,com,furnished,6.0
houses,furnished,housing,258.27
houses,for,nurses,217.64
houses,rent,to,146.32
houses,near,me,20.37
houses,me,near,20.37
healthcare,for,nurses,217.64
healthcare,workers,for,4.0
healthcare,temporary,housing,11.0
healthcare,housing,nurse,870.07
healthcare,rentals,furnished,108.6
workers,for,nurses,217.64
workers,housing,nurse,870.07
workers,healthcare,for,3.0
workers,temporary,housing,11.0
workers,rentals,furnished,108.6
doctor,travel,housing,562.98
doctor,housing,nurse,870.07
fi,furnished,housing,258.27
the,gypsy,nurse,8.0
the,nurse,housing,870.07
the,housing,nurse,870.07
the,furnished,housing,258.27
the,rooms,nurses,37.34
monthly,rentals,furnished,108.6
monthly,furnished,housing,258.27
monthly,for,nurses,217.64
monthly,travel,housing,562.98
monthly,nurses,traveling,535.57
advertise,room,rent,34.17
advertise,for,nurses,217.64
advertise,rent,to,146.32
accommodation,nurses,traveling,535.57
accommodation,for,nurses,217.64
accommodation,looking,for,9.0
accommodation,travelling,housing,41.99
stipend,travel,housing,562.98
stipend,nurse,housing,870.07
stipend,housing,nurse,870.07
bend,furnished,housing,258.27
bend,rentals,furnished,108.6
bend,oregon,furnished,1.0
oregon,furnished,housing,258.27
oregon,rentals,furnished,108.6
oregon,bend,furnished,1.0
rn,travel,housing,562.98
rn,nursing,housing,45.58
places,travel,housing,562.98
places,nurses,traveling,535.57
places,to,nurses,165.82
places,stay,travel,1.58
places,for,nurses,217.64
stay,travel,housing,562.98
stay,nurses,traveling,535.57
stay,places,travel,1.58
stay,to,nurses,165.82
stay,for,nurses,217.64
web,rn,travel,2.0
web,travel,housing,562.98
orlando,furnished,housing,258.27
orlando,apartments,furnished,70.54
orlando,rooms,nurses,37.34
orlando,for,nurses,217.64
orlando,rent,to,146.32
spokane,short,term,86.8
spokane,term,rentals,105.77
spokane,rentals,furnished,108.6
spokane,furnished,housing,258.27
spokane,apartments,furnished,70.54
www,rent,to,146.32
www,com,furnished,6.0
listings,travel,housing,562.98
listings,nurse,housing,870.07
listings,rental,traveling,94.6
norfolk,short,term,86.8
norfolk,term,rentals,105.77
norfolk,rentals,furnished,108.6
norfolk,in,rentals,4.0
norfolk,va,short,2.0
va,short,term,86.8
va,term,rentals,105.77
va,rentals,furnished,108.6
va,in,rentals,4.0
va,norfolk,short,1.0
with,rent,to,146.32
with,a,room,21.52
with,house,rent,22.85
with,furniture,rent,1.0
furniture,rent,to,146.32
furniture,a,room,21.52
furniture,house,rent,22.85
furniture,with,rent,1.0
erie,furnished,housing,258.27
erie,apartments,furnished,70.54
erie,pa,furnished,2.0
pa,furnished,housing,258.27
pa,apartments,furnished,70.54
pa,erie,furnished,1.0
pa,lancaster,furnished,1.0
medium,term,rentals,105.77
medium,rentals,furnished,108.6
philadelphia,airbnb,nurses,10.74
philadelphia,corporate,housing,37.04
philadelphia,housing,nurse,870.07
raleigh,furnished,housing,258.27
raleigh,rental,traveling,94.6
raleigh,nc,furnished,2.0
nc,furnished,housing,258.27
nc,rental,traveling,94.6
nc,raleigh,furnished,1.0
nc,apartments,furnished,70.54
nc,greensboro,furnished,1.0
reddit,renting,to,39.69
reddit,to,nurses,165.82
reddit,nurses,traveling,535.57
reddit,travel,housing,562.98
reddit,traveling,nurses,535.57
management,furnished,housing,258.27
management,rental,traveling,94.6
management,property,for,8.66
sublets,in,rentals,4.0
jacksonville,sublets,in,1.0
jacksonville,in,rentals,4.0
jacksonville,fl,sublets,1.0
fl,sublets,in,1.0
fl,in,rentals,4.0
fl,jacksonville,sublets,1.0
fl,furnished,housing,258.27
fl,short,term,86.8
austin,furnished,housing,258.27
austin,rental,traveling,94.6
indiana,furnished,housing,258.27
indiana,apartments,furnished,70.54
las,furnished,housing,258.27
las,rooms,nurses,37.34
las,for,nurses,217.64
las,rent,to,146.32
vegas,furnished,housing,258.27
vegas,rooms,nurses,37.34
vegas,for,nurses,217.64
vegas,rent,to,146.32
by,rent,to,146.32
by,rental,traveling,94.6
by,home,finder,8.24
by,florida,housing,6.0
owner,rent,to,146.32
owner,home,finder,8.24
owner,furnished,housing,258.27
owner,homes,for,16.91
stand,how,to,80.43
stand,to,nurses,165.82
stand,make,how,6.39
stand,your,to,12.0
stand,short,term,86.8
out,how,to,80.43
out,to,nurses,165.82
out,your,to,12.0
out,rent,to,146.32
out,make,how,6.39
nashville,monthly,rentals,7.0
nashville,rentals,furnished,108.6
nashville,tn,furnished,4.0
nashville,in,rentals,4.0
nashville,furnished,housing,258.27
executive,rentals,furnished,108.6
executive,rental,traveling,94.6
executive,short,term,86.8
executive,term,rentals,105.77
executive,las,vegas,3.0
application,short,term,86.8
application,term,rentals,105.77
application,rental,traveling,94.6
application,nyc,short,1.0
nyc,short,term,86.8
nyc,term,rentals,105.77
nyc,rental,traveling,94.6
nyc,application,short,1.0
host,traveling,nurses,535.57
host,a,room,21.52
host,nurse,housing,870.07
host,how,to,80.43
host,to,nurses,165.82
ohio,furnished,housing,258.27
ohio,apartment,finder,10.0
ohio,short,term,86.8
ohio,term,rentals,105.77
ohio,rentals,furnished,108.6
findings,furnish,finders,7.96
furnishe,finder,nurse,61.49
milwaukee,furnished,housing,258.27
milwaukee,rentals,furnished,108.6
colorado,furnished,housing,258.27
colorado,for,nurses,217.64
colorado,rent,to,146.32
colorado,monthly,rentals,7.0
springs,furnished,housing,258.27
springs,for,nurses,217.64
springs,rent,to,146.32
springs,monthly,rentals,7.0
companies,best,sites,6.0
companies,short,term,86.8
companies,term,rentals,105.77
companies,rental,traveling,94.6
columbus,short,term,86.8
columbus,term,rentals,105.77
columbus,rentals,furnished,108.6
columbus,ohio,furnished,1.0
stays,short,term,86.8
stays,furnished,housing,258.27
stays,apartments,furnished,70.54
furniturefinder,com,furnished,6.0
furnitured,finder,nurse,61.49
minneapolis,rooms,nurses,37.34
minneapolis,for,nurses,217.64
minneapolis,rent,to,146.32
santa,furnished,housing,258.27
santa,fe,furnished,2.0
santa,apartments,furnished,70.54
santa,short,term,86.8
santa,term,rentals,105.77
fe,furnished,housing,258.27
fe,santa,furnished,2.0
fe,apartments,furnished,70.54
fe,short,term,86.8
fe,term,rentals,105.77
sarasota,furnished,housing,258.27
sarasota,apartments,furnished,70.54
phoenix,furnished,housing,258.27
phoenix,rentals,furnished,108.6
manassas,corporate,housing,37.04
manassas,housing,nurse,870.07
manassas,va,short,2.0
m,i,where,4.66
m,renting,to,39.69
m,a,room,21.52
m,room,rent,34.17
roommate,nurse,housing,870.07
roommate,finder,nurse,61.49
roommate,traveling,nurses,535.57
roommate,how,to,80.43
roommate,to,nurses,165.82
travelnursing,com,furnished,6.0
anchorage,executive,rentals,4.0
anchorage,rentals,furnished,108.6
furnishfinders,com,furnished,6.0
clarksville,short,term,86.8
clarksville,term,rentals,105.77
clarksville,rentals,furnished,108.6
clarksville,tn,furnished,4.0
vancouver,furnished,housing,258.27
vancouver,apartments,furnished,70.54
vancouver,wa,furnished,1.0
wa,furnished,housing,258.27
wa,apartments,furnished,70.54
wa,vancouver,furnished,1.0
vacation,long,term,23.75
vacation,term,rentals,105.77
vacation,rental,traveling,94.6
vacation,oahu,long,1.0
oahu,long,term,23.75
oahu,term,rentals,105.77
oahu,vacation,long,1.0
oahu,rental,traveling,94.6
portland,furnished,housing,258.27
portland,apartments,furnished,70.54
gilbert,furnished,housing,258.27
gilbert,rentals,furnished,108.6
gilbert,az,furnished,1.0
az,furnished,housing,258.27
az,rentals,furnished,108.6
az,gilbert,furnished,1.0
studios,furnished,housing,258.27
studios,for,nurses,217.64
studios,rent,to,146.32
west,short,term,86.8
west,term,rentals,105.77
west,rentals,furnished,108.6
west,palm,short,1.0
west,beach,term,3.0
palm,short,term,86.8
palm,term,rentals,105.77
palm,rentals,furnished,108.6
palm,west,short,1.0
palm,beach,term,3.0
beach,term,rentals,105.77
beach,rentals,furnished,108.6
beach,long,term,23.75
beach,furnished,housing,258.27
beach,short,term,86.8
chattanooga,furnished,housing,258.27
chattanooga,rentals,furnished,108.6
chattanooga,tn,furnished,4.0
winston,furnished,housing,258.27
winston,apartments,furnished,70.54
winston,salem,furnished,1.0
salem,furnished,housing,258.27
salem,apartments,furnished,70.54
salem,winston,furnished,1.0
travelers,nurse,housing,870.07
locations,traveling,nurses,535.57
locations,nurse,housing,870.07
new,corporate,housing,37.04
new,housing,nurse,870.07
new,orleans,corporate,1.0
new,furnished,housing,258.27
new,apartments,furnished,70.54
orleans,corporate,housing,37.04
orleans,housing,nurse,870.07
orleans,new,corporate,1.0
houston,furnished,housing,258.27
houston,airbnb,nurses,10.74
houston,long,term,23.75
houston,term,rentals,105.77
houston,rentals,furnished,108.6
well,furnished,housing,258.27
well,room,rent,34.17
well,for,nurses,217.64
well,rent,to,146.32
maine,traveling,nurses,535.57
maine,nurse,housing,870.07
maine,housing,nurse,870.07
connecticut,corporate,housing,37.04
connecticut,housing,nurse,870.07
connecticut,furnished,housing,258.27
connecticut,apartments,furnished,70.54
tenant,find,housing,13.91
tenant,a,room,21.52
tenant,for,nurses,217.64
tenant,my,rent,11.7
tenant,property,for,8.66
boca,furnished,housing,258.27
boca,apartments,furnished,70.54
boca,raton,furnished,1.0
raton,furnished,housing,258.27
raton,apartments,furnished,70.54
raton,boca,furnished,1.0
nm,furnished,housing,258.27
nm,short,term,86.8
nm,term,rentals,105.77
nm,rentals,furnished,108.6
nm,santa,furnished,2.0
sabbatical,homes,for,16.91
sabbatical,com,furnished,6.0
arizona,corporate,housing,37.04
arizona,housing,nurse,870.07
college,furnished,housing,258.27
college,apartments,furnished,70.54
college,station,furnished,1.0
station,furnished,housing,258.27
station,apartments,furnished,70.54
station,college,furnished,1.0
burlington,furnished,housing,258.27
burlington,short,term,86.8
burlington,term,rentals,105.77
burlington,rentals,furnished,108.6
burlington,vt,furnished,1.0
vt,furnished,housing,258.27
vt,short,term,86.8
vt,term,rentals,105.77
vt,rentals,furnished,108.6
vt,burlington,furnished,1.0
bellingham,furnished,housing,258.27
bellingham,apartments,furnished,70.54
leasing,corporate,housing,37.04
leasing,house,rent,22.85
fort,furnished,housing,258.27
fort,apartments,furnished,70.54
fort,collins,furnished,1.0
collins,furnished,housing,258.27
collins,apartments,furnished,70.54
collins,fort,furnished,1.0
association,visiting,nurses,25.84
association,nurses,traveling,535.57
association,housing,nurse,870.07
2,house,rent,22.85
2,for,nurses,217.64
2,rent,to,146.32
2,near,me,20.37
bedroom,house,rent,22.85
bedroom,for,nurses,217.64
bedroom,rent,to,146.32
bedroom,near,me,20.37
st,furnished,housing,258.27
st,short,term,86.8
st,term,rentals,105.77
st,rentals,furnished,108.6
st,augustine,furnished,1.0
augustine,furnished,housing,258.27
augustine,short,term,86.8
augustine,term,rentals,105.77
augustine,rentals,furnished,108.6
augustine,st,furnished,1.0
like,short,term,86.8
like,term,rentals,105.77
like,rental,traveling,94.6
like,sites,nurse,20.25
like,airbnb,nurses,10.74
owners,florida,housing,6.0
owners,rental,traveling,94.6
owners,by,owner,4.0
owners,reviews,travelnursehousing,2.23
findwr,furnished,housing,258.27
massachusetts,furnished,housing,258.27
massachusetts,short,term,86.8
massachusetts,term,rentals,105.77
massachusetts,rentals,furnished,108.6
massachusetts,apartments,furnished,70.54
panama,long,term,23.75
panama,term,rentals,105.77
panama,furnished,housing,258.27
panama,rentals,furnished,108.6
panama,city,long,1.0
city,long,term,23.75
city,term,rentals,105.77
city,furnished,housing,258.27
city,rentals,furnished,108.6
city,panama,long,1.0
air,b,long,2.0
air,long,term,23.75
air,term,rentals,105.77
air,and,traveling,8.66
air,near,me,20.37
b,long,term,23.75
b,term,rentals,105.77
b,and,traveling,8.66
b,near,me,20.37
boulder,corporate,housing,37.04
boulder,housing,nurse,870.07
boulder,co,corporate,1.0
co,corporate,housing,37.04
co,housing,nurse,870.07
co,boulder,corporate,1.0
rhode,temporary,housing,11.0
rhode,housing,nurse,870.07
rhode,island,temporary,1.0
island,temporary,housing,11.0
island,housing,nurse,870.07
island,rhode,temporary,1.0
greensboro,furnished,housing,258.27
greensboro,apartments,furnished,70.54
greensboro,nc,furnished,2.0
platforms,midterm,rentals,10.0
platforms,rental,traveling,94.6
grand,furnished,housing,258.27
grand,apartments,furnished,70.54
grand,rapids,furnished,2.0
rapids,furnished,housing,258.27
rapids,apartments,furnished,70.54
rapids,grand,furnished,1.0
rapids,cedar,furnished,1.0
zillow,long,term,23.75
zillow,term,rentals,105.77
zillow,rentals,furnished,108.6
middle,term,rentals,105.77
middle,rentals,furnished,108.6
georgia,furnished,housing,258.27
georgia,apartments,furnished,70.54
provo,short,term,86.8
provo,term,rentals,105.77
provo,rentals,furnished,108.6
provo,utah,short,1.0
utah,short,term,86.8
utah,term,rentals,105.77
utah,rentals,furnished,108.6
utah,provo,short,1.0
puerto,corporate,housing,37.04
puerto,rentals,furnished,108.6
puerto,rico,corporate,1.0
rico,corporate,housing,37.04
rico,rentals,furnished,108.6
rico,puerto,corporate,1.0
gulfport,furnished,housing,258.27
gulfport,apartments,furnished,70.54
gulfport,ms,furnished,1.0
ms,furnished,housing,258.27
ms,apartments,furnished,70.54
ms,gulfport,furnished,1.0
lancaster,furnished,housing,258.27
lancaster,apartments,furnished,70.54
lancaster,pa,furnished,2.0
charlottesville,short,term,86.8
charlottesville,term,rentals,105.77
charlottesville,furnished,housing,258.27
charlottesville,rentals,furnished,108.6
charlottesville,va,short,2.0
ginder,furnished,housing,258.27
brooklyn,furnished,housing,258.27
brooklyn,apartments,furnished,70.54
hampshire,furnished,housing,258.27
hampshire,apartments,furnished,70.54
hampshire,new,corporate,1.0
rentar,un,como,1.0
rentar,apartamento,como,1.0
un,como,rentar,1.0
un,rentar,como,1.0
un,apartamento,como,1.0
apartamento,como,rentar,1.0
apartamento,rentar,como,1.0
apartamento,un,como,1.0
cleveland,corporate,housing,37.04
cleveland,housing,nurse,870.07
cedar,furnished,housing,258.27
cedar,apartments,furnished,70.54
cedar,rapids,furnished,2.0
as,how,to,80.43
as,to,nurses,165.82
as,find,housing,13.91
as,housing,nurse,870.07
as,a,room,21.52
glendale,furnished,housing,258.27
glendale,apartments,furnished,70.54
glendale,in,rentals,4.0
glendale,ca,furnished,1.0
ca,furnished,housing,258.27
ca,apartments,furnished,70.54
ca,in,rentals,4.0
ca,glendale,furnished,1.0
travelnurse,housing,nurse,870.07
apps,for,nurses,217.64
apps,travel,housing,562.98
apps,nurses,traveling,535.57
apps,to,nurses,165.82
apps,find,housing,13.91
pet,furnished,housing,258.27
pet,short,term,86.8
pet,term,rentals,105.77
pet,rentals,furnished,108.6
friendly,furnished,housing,258.27
friendly,short,term,86.8
friendly,term,rentals,105.77
friendly,rentals,furnished,108.6
lease,short,term,86.8
lease,term,rentals,105.77
lease,apartment,finder,10.0
f,furnished,housing,258.27
amueblados,cerca,apartamentos,0.66
amueblados,de,apartamentos,0.66
amueblados,mi,apartamentos,0.66
cerca,apartamentos,amueblados,0.66
cerca,amueblados,apartamentos,0.66
cerca,de,apartamentos,0.66
cerca,mi,apartamentos,0.66
de,apartamentos,amueblados,0.66
de,amueblados,apartamentos,0.66
de,cerca,apartamentos,0.66
de,mi,apartamentos,0.66
mi,apartamentos,amueblados,0.66
mi,amueblados,apartamentos,0.66
mi,cerca,apartamentos,0.66
mi,de,apartamentos,0.66
bronx,furnished,housing,258.27
bronx,rooms,nurses,37.34
bronx,for,nurses,217.64
bronx,rent,to,146.32
bronx,in,rentals,4.0
$400,furnished,housing,258.27
$400,rooms,nurses,37.34
$400,for,nurses,217.64
$400,rent,to,146.32
$400,in,rentals,4.0
month,furnished,housing,258.27
month,rooms,nurses,37.34
month,for,nurses,217.64
month,rent,to,146.32
month,in,rentals,4.0
sacramento,travel,housing,562.98
sacramento,nurse,housing,870.07
sacramento,housing,nurse,870.07
hollywood,rooms,nurses,37.34
hollywood,for,nurses,217.64
hollywood,rent,to,146.32
put,your,to,12.0
put,house,rent,22.85
put,for,nurses,217.64
put,rent,to,146.32
up,put,your,0.62
up,your,to,12.0
up,house,rent,22.85
up,for,nurses,217.64
up,rent,to,146.32
look,where,housing,10.21
look,do,nurses,11.65
look,traveling,nurses,535.57
look,nurses,traveling,535.57
look,for,nurses,217.64
traveler,nurse,housing,870.07
milford,short,term,86.8
milford,term,rentals,105.77
milford,furnished,housing,258.27
milford,rentals,furnished,108.6
milford,ct,short,0.5
ct,short,term,86.8
ct,term,rentals,105.77
ct,furnished,housing,258.27
ct,rentals,furnished,108.6
ct,milford,short,0.5
american,nursing,housing,45.58
mobile,nursing,housing,45.58
nursefinder,housing,nurse,870.07
